{"cameraMode":{"drawMode":0,"name":"Shaded","section":"Shading Mode"},"sceneLighting":false,"audioPlay":false,"sceneViewState":{"m_AlwaysRefresh":false,"showFog":true,"showSkybox":false,"showFlares":true,"showImageEffects":true,"showParticleSystems":true,"showVisualEffectGraphs":true,"m_FxEnabled":true},"in2DMode":false,"pivot":{"x":12.441105842590332,"y":0.8265572786331177,"z":10.86446762084961},"rotation":{"x":0.30029869079589846,"y":-0.6404736042022705,"z":0.30066126585006716,"w":0.6397040486335754},"size":3.012162923812866,"orthographic":true}